OBJECTID,JURISDICT_SYST_ID,JURISDICT_TYPE_CD,JURISDICT_LABEL_NM,JURISDICT_NM,JURISDICT_DESG_CD,JURISDICT_FIPS_DESG_CD,JURISDICT_VACATED_FLG,EDIT_DATE,EDIT_STATUS,EDIT_WHO,GLOBALID
2623388,4698173,4,Stevens,Stevens County,33,53065,,2026/05/28 22:43:03+00,0,TSTE490,{ED22E0F2-80EE-436B-AF63-17F6BEEC7C57}
2623424,25,4,Grant,Grant County,13,53025,,2018/03/15 00:26:49+00,1,TSTE490,{6DCD29D9-9A8F-4CCE-A501-8435D3774319}
2625500,4698174,4,Pend Oreille,Pend Oreille County,26,53051,,2025/11/20 00:40:36+00,0,TSTE490,{2EBEBA3C-0236-49E8-A50F-D5C6AD378746}
2627580,33,4,Garfield,Garfield County,12,53023,,2022/06/23 23:47:50+00,1,TSTE490,{0DAAE620-627E-43EE-9356-76DD264EBAAB}
2627941,8,4,Island,Island County,15,53029,,2018/03/15 00:26:49+00,1,TSTE490,{CED7224F-60F0-42A1-B7C4-4D61744689C4}
2628547,20,4,Grays Harbor,Grays Harbor County,14,53027,,2025/06/18 23:38:53+00,1,TSTE490,{9FCC3199-8E01-4890-AF51-02A06BE0DF48}
2628548,4,4,Skagit,Skagit County,29,53057,,2024/12/05 00:36:04+00,1,TSTE490,{0B6C6670-A55E-46ED-B76D-5426C6BA802D}
2628549,4690632,4,Whatcom,Whatcom County,37,53073,,2024/12/05 00:36:04+00,0,TSTE490,{8581B94C-C696-4A2E-BF9D-9BBF43B8557C}
2628607,35,4,Walla Walla,Walla Walla County,36,53071,,2015/10/14 18:25:19+00,1,JDUG490,{78C65DE3-F24B-43E5-B70C-083781C6432A}
2628626,34,4,Columbia,Columbia County,7,53013,,2015/10/14 18:25:20+00,1,JDUG490,{B13BDCFA-37E4-467D-A817-CF3EEA42E015}
2628666,32,4,Asotin,Asotin County,2,53003,,2022/10/27 23:48:50+00,1,TSTE490,{3AB72ED9-259F-4D2E-BB45-DD512664AEE4}
2628680,29,4,Franklin,Franklin County,11,53021,,2015/08/27 19:06:01+00,1,JDUG490,{706BDC04-1571-43D7-AFE0-7DF4B818B1C8}
2628767,17,4,Douglas,Douglas County,9,53017,,2018/01/25 01:26:27+00,1,TSTE490,{CECC08F7-B005-4F35-A128-2B6C9F531071}
2628802,4699352,4,Snohomish,Snohomish County,31,53061,,2022/10/27 23:48:50+00,0,TSTE490,{AE980332-0283-4D03-BB05-4E21262E7EBB}
2628816,12,4,Jefferson,Jefferson County,16,53031,,2025/11/20 00:40:36+00,1,TSTE490,{DC233B21-BEFB-4AC9-9AA9-7929AFE4BFC4}
2628817,39,4,Skamania,Skamania County,30,53059,,2025/04/30 23:39:07+00,1,TSTE490,{F863B0CB-1025-4D17-AD0F-A8FFA1677354}
2628818,23,4,Adams,Adams County,1,53001,,2018/03/15 00:26:50+00,1,TSTE490,{21943140-E22B-42CC-9CEF-671B9391B41A}
2628824,4692563,4,Pierce,Pierce County,27,53053,,2024/02/16 21:54:53+00,0,TSTE490,{5EEEA605-210E-4CC9-AA40-2968BFE75997}
2628851,38,4,Klickitat,Klickitat County,20,53039,,2025/04/30 23:39:07+00,1,TSTE490,{9754EDF2-7E5F-47A1-93C7-C7728C61B46D}
2628867,18,4,Mason,Mason County,23,53045,,2024/04/18 23:04:04+00,1,TSTE490,{3E022F6E-E410-482D-92A3-680DC7B227D6}
2628868,4698638,4,Kitsap,Kitsap County,18,53035,,2024/04/18 23:04:04+00,1,TSTE490,{49C90200-799D-4055-9BC9-9CDB21DD4E5A}
2628894,30,4,Wahkiakum,Wahkiakum County,35,53069,,2025/05/29 23:33:22+00,1,TSTE490,{B2598155-253A-4BE0-ACF1-C859FDA60A9C}
2628907,15,4,Lincoln,Lincoln County,22,53043,,2022/08/10 23:32:00+00,1,TSTE490,{85CA5FC4-2164-4AAC-B530-5322150541ED}
2628919,7,4,Clallam,Clallam County,5,53009,,2025/07/09 23:28:27+00,1,TSTE490,{268DE99A-5D7A-4DE4-A97A-AE8E5D849292}
2628920,36,4,Cowlitz,Cowlitz County,8,53015,,2025/05/21 23:33:31+00,1,TSTE490,{A9FE56A5-D5F5-48A3-A5E2-10AA8739D5AD}
2628987,16,4,Chelan,Chelan County,4,53007,,2026/04/08 23:34:26+00,1,TSTE490,{930B240D-1E42-4CA5-AC24-53AADF3D3A8F}
2628989,14,4,Spokane,Spokane County,32,53063,,2023/08/09 23:52:05+00,1,TSTE490,{9217CB24-BEE5-4CDF-A645-43F7F7CA1E1E}
2628990,37,4,Benton,Benton County,3,53005,,2026/04/08 23:34:26+00,1,TSTE490,{4A611DDB-0D3E-4E2B-94FF-68ACC44FC1DA}
2628995,4699350,4,Kittitas,Kittitas County,19,53037,,2026/04/08 23:34:26+00,0,TSTE490,{DD3BE4B5-D1E7-436A-A862-1593661DEF80}
2628996,31,4,Yakima,Yakima County,39,53077,,2026/04/08 23:34:26+00,1,TSTE490,{D0FFBE44-79AC-4D52-ABF7-9B7186575733}
2629001,4699341,4,King,King County,17,53033,,2025/07/17 23:29:34+00,1,TSTE490,{5CC0C17D-CDBF-49CC-A69F-DAEAE32C4A50}
2629003,26,4,Whitman,Whitman County,38,53075,,2023/02/02 22:29:05+00,1,TSTE490,{959BF6BA-2093-4CEE-B431-2435E93560CA}
2629017,3,4,San Juan,San Juan County,28,53055,,2026/01/22 00:34:50+00,1,TSTE490,{09C774B9-7947-46C5-8CDC-84FB7928B82E}
2629020,40,4,Clark,Clark County,6,53011,,2023/11/22 23:24:03+00,1,TSTE490,{68D43C5F-273A-4371-8CA6-43760C82678B}
2629024,28,4,Pacific,Pacific County,25,53049,,2026/07/22 23:42:51+00,1,TSTE490,{22715623-958B-47B5-9173-CA17F8528D54}
2629031,4690635,4,Okanogan,Okanogan County,24,53047,,2026/08/05 23:31:32+00,0,TSTE490,{2696D88F-04F1-481A-B823-AF58D838D1B9}
2629032,9,4,Ferry,Ferry County,10,53019,,2026/08/05 23:31:32+00,1,TSTE490,{97A6A9CC-9716-44FC-8C2E-FDA18CD63E03}
2629038,4692894,4,Thurston,Thurston County,34,53067,,2026/08/26 23:33:44+00,0,TSTE490,{6252808F-18B4-4058-8AC5-085591AB69B1}
2629039,27,4,Lewis,Lewis County,21,53041,,2026/08/26 23:33:44+00,1,TSTE490,{557DC1F0-66A4-4608-AE0E-FA4835A15D1E}
